{"cameraMode":{"drawMode":0,"name":"Shaded","section":"Shading Mode"},"sceneLighting":false,"audioPlay":false,"sceneViewState":{"showFog":true,"showMaterialUpdate":false,"showSkybox":false,"showFlares":true,"showImageEffects":true,"showParticleSystems":true},"in2DMode":false,"pivot":{"x":0.06000000238418579,"y":-0.7999999523162842,"z":0.0},"rotation":{"x":-0.09229133278131485,"y":-0.22176215052604676,"z":0.0210884939879179,"w":-0.9705190062522888},"size":0.8289420008659363,"orthographic":false}