{"cameraMode":{"drawMode":0,"name":"Shaded","section":"Shading Mode"},"sceneLighting":true,"audioPlay":false,"sceneViewState":{"showFog":true,"showMaterialUpdate":false,"showSkybox":true,"showFlares":true,"showImageEffects":true,"showParticleSystems":true},"in2DMode":false,"pivot":{"x":-1.7147495746612549,"y":-0.6165561079978943,"z":1.0392496585845948},"rotation":{"x":-0.0898875892162323,"y":0.08180094510316849,"z":-0.0073919836431741718,"w":-0.9925824999809265},"size":14.285041809082032,"orthographic":false}